--
-- PostgreSQL database dump
--

-- Dumped from database version 13.0
-- Dumped by pg_dump version 13.0

SET statement_timeout = 0;
SET lock_timeout = 0;
SET idle_in_transaction_session_timeout = 0;
SET client_encoding = 'UTF8';
SET standard_conforming_strings = on;
SELECT pg_catalog.set_config('search_path', '', false);
SET check_function_bodies = false;
SET xmloption = content;
SET client_min_messages = warning;
SET row_security = off;

SET default_tablespace = '';

SET default_table_access_method = heap;

--
-- Name: alembic_version; Type: TABLE; Schema: public; Owner: postgres
--

CREATE TABLE public.alembic_version (
    version_num character varying(32) NOT NULL
);


ALTER TABLE public.alembic_version OWNER TO postgres;

--
-- Name: cards; Type: TABLE; Schema: public; Owner: postgres
--

CREATE TABLE public.cards (
    id integer NOT NULL,
    title character varying NOT NULL,
    description character varying NOT NULL,
    comments_count integer NOT NULL,
    list_id integer NOT NULL,
    creator_id integer NOT NULL
);


ALTER TABLE public.cards OWNER TO postgres;

--
-- Name: cards_id_seq; Type: SEQUENCE; Schema: public; Owner: postgres
--

CREATE SEQUENCE public.cards_id_seq
    AS integer
    START WITH 1
    INCREMENT BY 1
    NO MINVALUE
    NO MAXVALUE
    CACHE 1;


ALTER TABLE public.cards_id_seq OWNER TO postgres;

--
-- Name: cards_id_seq; Type: SEQUENCE OWNED BY; Schema: public; Owner: postgres
--

ALTER SEQUENCE public.cards_id_seq OWNED BY public.cards.id;


--
-- Name: comments; Type: TABLE; Schema: public; Owner: postgres
--

CREATE TABLE public.comments (
    id integer NOT NULL,
    content character varying NOT NULL,
    replies_count integer NOT NULL,
    card_id integer NOT NULL,
    creator_id integer NOT NULL
);


ALTER TABLE public.comments OWNER TO postgres;

--
-- Name: comments_id_seq; Type: SEQUENCE; Schema: public; Owner: postgres
--

CREATE SEQUENCE public.comments_id_seq
    AS integer
    START WITH 1
    INCREMENT BY 1
    NO MINVALUE
    NO MAXVALUE
    CACHE 1;


ALTER TABLE public.comments_id_seq OWNER TO postgres;

--
-- Name: comments_id_seq; Type: SEQUENCE OWNED BY; Schema: public; Owner: postgres
--

ALTER SEQUENCE public.comments_id_seq OWNED BY public.comments.id;


--
-- Name: lists; Type: TABLE; Schema: public; Owner: postgres
--

CREATE TABLE public.lists (
    id integer NOT NULL,
    title character varying NOT NULL,
    creator_id integer NOT NULL
);


ALTER TABLE public.lists OWNER TO postgres;

--
-- Name: lists_id_seq; Type: SEQUENCE; Schema: public; Owner: postgres
--

CREATE SEQUENCE public.lists_id_seq
    AS integer
    START WITH 1
    INCREMENT BY 1
    NO MINVALUE
    NO MAXVALUE
    CACHE 1;


ALTER TABLE public.lists_id_seq OWNER TO postgres;

--
-- Name: lists_id_seq; Type: SEQUENCE OWNED BY; Schema: public; Owner: postgres
--

ALTER SEQUENCE public.lists_id_seq OWNED BY public.lists.id;


--
-- Name: owner; Type: TABLE; Schema: public; Owner: postgres
--

CREATE TABLE public.owner (
    id integer NOT NULL,
    user_name character varying NOT NULL,
    email character varying NOT NULL,
    password_hash character varying(128) NOT NULL,
    role character varying
);


ALTER TABLE public.owner OWNER TO postgres;

--
-- Name: owner_id_seq; Type: SEQUENCE; Schema: public; Owner: postgres
--

CREATE SEQUENCE public.owner_id_seq
    AS integer
    START WITH 1
    INCREMENT BY 1
    NO MINVALUE
    NO MAXVALUE
    CACHE 1;


ALTER TABLE public.owner_id_seq OWNER TO postgres;

--
-- Name: owner_id_seq; Type: SEQUENCE OWNED BY; Schema: public; Owner: postgres
--

ALTER SEQUENCE public.owner_id_seq OWNED BY public.owner.id;


--
-- Name: replies; Type: TABLE; Schema: public; Owner: postgres
--

CREATE TABLE public.replies (
    id integer NOT NULL,
    content character varying NOT NULL,
    comment_id integer NOT NULL,
    creator_id integer NOT NULL
);


ALTER TABLE public.replies OWNER TO postgres;

--
-- Name: replies_id_seq; Type: SEQUENCE; Schema: public; Owner: postgres
--

CREATE SEQUENCE public.replies_id_seq
    AS integer
    START WITH 1
    INCREMENT BY 1
    NO MINVALUE
    NO MAXVALUE
    CACHE 1;


ALTER TABLE public.replies_id_seq OWNER TO postgres;

--
-- Name: replies_id_seq; Type: SEQUENCE OWNED BY; Schema: public; Owner: postgres
--

ALTER SEQUENCE public.replies_id_seq OWNED BY public.replies.id;


--
-- Name: unconfirmed_users; Type: TABLE; Schema: public; Owner: postgres
--

CREATE TABLE public.unconfirmed_users (
    id integer NOT NULL,
    user_name character varying NOT NULL,
    email character varying NOT NULL,
    password_hash character varying(128) NOT NULL,
    role boolean
);


ALTER TABLE public.unconfirmed_users OWNER TO postgres;

--
-- Name: unconfirmed_users_id_seq; Type: SEQUENCE; Schema: public; Owner: postgres
--

CREATE SEQUENCE public.unconfirmed_users_id_seq
    AS integer
    START WITH 1
    INCREMENT BY 1
    NO MINVALUE
    NO MAXVALUE
    CACHE 1;


ALTER TABLE public.unconfirmed_users_id_seq OWNER TO postgres;

--
-- Name: unconfirmed_users_id_seq; Type: SEQUENCE OWNED BY; Schema: public; Owner: postgres
--

ALTER SEQUENCE public.unconfirmed_users_id_seq OWNED BY public.unconfirmed_users.id;


--
-- Name: users; Type: TABLE; Schema: public; Owner: postgres
--

CREATE TABLE public.users (
    id integer NOT NULL,
    user_name character varying NOT NULL,
    email character varying NOT NULL,
    role boolean NOT NULL,
    password_hash character varying(128) NOT NULL
);


ALTER TABLE public.users OWNER TO postgres;

--
-- Name: users_id_seq; Type: SEQUENCE; Schema: public; Owner: postgres
--

CREATE SEQUENCE public.users_id_seq
    AS integer
    START WITH 1
    INCREMENT BY 1
    NO MINVALUE
    NO MAXVALUE
    CACHE 1;


ALTER TABLE public.users_id_seq OWNER TO postgres;

--
-- Name: users_id_seq; Type: SEQUENCE OWNED BY; Schema: public; Owner: postgres
--

ALTER SEQUENCE public.users_id_seq OWNED BY public.users.id;


--
-- Name: users_lists; Type: TABLE; Schema: public; Owner: postgres
--

CREATE TABLE public.users_lists (
    id integer NOT NULL,
    user_id integer NOT NULL,
    list_id integer NOT NULL
);


ALTER TABLE public.users_lists OWNER TO postgres;

--
-- Name: users_lists_id_seq; Type: SEQUENCE; Schema: public; Owner: postgres
--

CREATE SEQUENCE public.users_lists_id_seq
    AS integer
    START WITH 1
    INCREMENT BY 1
    NO MINVALUE
    NO MAXVALUE
    CACHE 1;


ALTER TABLE public.users_lists_id_seq OWNER TO postgres;

--
-- Name: users_lists_id_seq; Type: SEQUENCE OWNED BY; Schema: public; Owner: postgres
--

ALTER SEQUENCE public.users_lists_id_seq OWNED BY public.users_lists.id;


--
-- Name: cards id; Type: DEFAULT; Schema: public; Owner: postgres
--

ALTER TABLE ONLY public.cards ALTER COLUMN id SET DEFAULT nextval('public.cards_id_seq'::regclass);


--
-- Name: comments id; Type: DEFAULT; Schema: public; Owner: postgres
--

ALTER TABLE ONLY public.comments ALTER COLUMN id SET DEFAULT nextval('public.comments_id_seq'::regclass);


--
-- Name: lists id; Type: DEFAULT; Schema: public; Owner: postgres
--

ALTER TABLE ONLY public.lists ALTER COLUMN id SET DEFAULT nextval('public.lists_id_seq'::regclass);


--
-- Name: owner id; Type: DEFAULT; Schema: public; Owner: postgres
--

ALTER TABLE ONLY public.owner ALTER COLUMN id SET DEFAULT nextval('public.owner_id_seq'::regclass);


--
-- Name: replies id; Type: DEFAULT; Schema: public; Owner: postgres
--

ALTER TABLE ONLY public.replies ALTER COLUMN id SET DEFAULT nextval('public.replies_id_seq'::regclass);


--
-- Name: unconfirmed_users id; Type: DEFAULT; Schema: public; Owner: postgres
--

ALTER TABLE ONLY public.unconfirmed_users ALTER COLUMN id SET DEFAULT nextval('public.unconfirmed_users_id_seq'::regclass);


--
-- Name: users id; Type: DEFAULT; Schema: public; Owner: postgres
--

ALTER TABLE ONLY public.users ALTER COLUMN id SET DEFAULT nextval('public.users_id_seq'::regclass);


--
-- Name: users_lists id; Type: DEFAULT; Schema: public; Owner: postgres
--

ALTER TABLE ONLY public.users_lists ALTER COLUMN id SET DEFAULT nextval('public.users_lists_id_seq'::regclass);


--
-- Data for Name: alembic_version; Type: TABLE DATA; Schema: public; Owner: postgres
--

COPY public.alembic_version (version_num) FROM stdin;
c049e99272c5
\.


--
-- Data for Name: cards; Type: TABLE DATA; Schema: public; Owner: postgres
--

COPY public.cards (id, title, description, comments_count, list_id, creator_id) FROM stdin;
3	title	description	0	3	1
4	title	description	0	4	1
5	title	description	0	4	2
6	title	description	0	3	2
7	title	description	0	2	2
8	title	description	0	1	2
9	title	description	0	1	3
10	title	description	0	2	3
11	title	description	0	3	3
13	Irithm	new_description	0	1	1
2	title	description	5	2	1
14	new_title	new_description	0	2	1
1	title	description	6	1	1
\.


--
-- Data for Name: comments; Type: TABLE DATA; Schema: public; Owner: postgres
--

COPY public.comments (id, content, replies_count, card_id, creator_id) FROM stdin;
4	title	0	1	1
5	title	0	2	1
6	title	0	2	1
7	title	0	2	1
8	title	0	2	1
9	title	0	2	1
1	Irithm task	1	1	1
10	title	0	1	1
11	new_title	0	1	1
3	title_title	1	1	1
12	title	0	1	6
\.


--
-- Data for Name: lists; Type: TABLE DATA; Schema: public; Owner: postgres
--

COPY public.lists (id, title, creator_id) FROM stdin;
2	title_2	1
3	title_3	1
5	title_5	2
6	title_6	2
7	title_7	2
8	title_8	2
1	Irithm	1
4	Irithm_4	1
10	new_title	1
11	title_title	1
\.


--
-- Data for Name: owner; Type: TABLE DATA; Schema: public; Owner: postgres
--

COPY public.owner (id, user_name, email, password_hash, role) FROM stdin;
1	mostafa_fouad	m.f.ragab5890@gmail.com	$2b$12$zINYJTguSkEfsq8Z53IBaeFVwblScb0XthxxkOzSw0orxr.yGw8ae	owner
\.


--
-- Data for Name: replies; Type: TABLE DATA; Schema: public; Owner: postgres
--

COPY public.replies (id, content, comment_id, creator_id) FROM stdin;
1	Irithm task reply	1	1
6	reply_reply	3	1
\.


--
-- Data for Name: unconfirmed_users; Type: TABLE DATA; Schema: public; Owner: postgres
--

COPY public.unconfirmed_users (id, user_name, email, password_hash, role) FROM stdin;
9	user_5	user_5@example.com	$2b$12$lySwnta4EItSP9Dp1Tovwel1SOJsVvvoWK0wXieUIjlA5fsAiZ9nS	t
11	newUser_1	example_1@example.com	$2b$12$DApI2icnKvSt/TJjGwZ1h.oMs2zwUBeDYUzRfpbT/t.hvfw0/qPUe	f
\.


--
-- Data for Name: users; Type: TABLE DATA; Schema: public; Owner: postgres
--

COPY public.users (id, user_name, email, role, password_hash) FROM stdin;
1	mostafa_fouad	m.f.ragab5890@gmail.com	t	$2b$12$zINYJTguSkEfsq8Z53IBaeFVwblScb0XthxxkOzSw0orxr.yGw8ae
2	mostafaFouad	m.f.ragab@gmail.com	t	$2b$12$zINYJTguSkEfsq8Z53IBaeFVwblScb0XthxxkOzSw0orxr.yGw8ae
4	newUser	example@example.com	f	$2b$12$RrwaMRCX7s6UJ/.OBt5bTugc92r0ffUm/pcNo0Rzx9SGg.yC.DHca
5	user_1	user_3@example.com	t	$2b$12$GuY0q4bXJfG2s1J6zytBJ.bu.tVqXAL3lvmvkELOGUEQPpScEDH7q
6	newUser_3	example_3@example.com	f	$2b$12$0qhbm.Vw0Wpkf/KGZaWLAOCaQipH2dAc9raqP0wgUWylRSNvq8i7q
3	mostafa_Fouad	m.fouad@gmail.com	f	$2b$12$zINYJTguSkEfsq8Z53IBaeFVwblScb0XthxxkOzSw0orxr.yGw8ae
\.


--
-- Data for Name: users_lists; Type: TABLE DATA; Schema: public; Owner: postgres
--

COPY public.users_lists (id, user_id, list_id) FROM stdin;
1	1	1
2	1	2
3	1	3
4	1	4
5	2	5
6	2	6
7	2	7
8	2	8
9	3	8
10	3	6
11	3	4
12	3	2
16	6	1
17	1	10
19	5	1
20	1	11
\.


--
-- Name: cards_id_seq; Type: SEQUENCE SET; Schema: public; Owner: postgres
--

SELECT pg_catalog.setval('public.cards_id_seq', 14, true);


--
-- Name: comments_id_seq; Type: SEQUENCE SET; Schema: public; Owner: postgres
--

SELECT pg_catalog.setval('public.comments_id_seq', 12, true);


--
-- Name: lists_id_seq; Type: SEQUENCE SET; Schema: public; Owner: postgres
--

SELECT pg_catalog.setval('public.lists_id_seq', 11, true);


--
-- Name: owner_id_seq; Type: SEQUENCE SET; Schema: public; Owner: postgres
--

SELECT pg_catalog.setval('public.owner_id_seq', 1, true);


--
-- Name: replies_id_seq; Type: SEQUENCE SET; Schema: public; Owner: postgres
--

SELECT pg_catalog.setval('public.replies_id_seq', 6, true);


--
-- Name: unconfirmed_users_id_seq; Type: SEQUENCE SET; Schema: public; Owner: postgres
--

SELECT pg_catalog.setval('public.unconfirmed_users_id_seq', 13, true);


--
-- Name: users_id_seq; Type: SEQUENCE SET; Schema: public; Owner: postgres
--

SELECT pg_catalog.setval('public.users_id_seq', 6, true);


--
-- Name: users_lists_id_seq; Type: SEQUENCE SET; Schema: public; Owner: postgres
--

SELECT pg_catalog.setval('public.users_lists_id_seq', 20, true);


--
-- Name: alembic_version alembic_version_pkc; Type: CONSTRAINT; Schema: public; Owner: postgres
--

ALTER TABLE ONLY public.alembic_version
    ADD CONSTRAINT alembic_version_pkc PRIMARY KEY (version_num);


--
-- Name: cards cards_pkey; Type: CONSTRAINT; Schema: public; Owner: postgres
--

ALTER TABLE ONLY public.cards
    ADD CONSTRAINT cards_pkey PRIMARY KEY (id);


--
-- Name: comments comments_pkey; Type: CONSTRAINT; Schema: public; Owner: postgres
--

ALTER TABLE ONLY public.comments
    ADD CONSTRAINT comments_pkey PRIMARY KEY (id);


--
-- Name: lists lists_pkey; Type: CONSTRAINT; Schema: public; Owner: postgres
--

ALTER TABLE ONLY public.lists
    ADD CONSTRAINT lists_pkey PRIMARY KEY (id);


--
-- Name: owner owner_email_key; Type: CONSTRAINT; Schema: public; Owner: postgres
--

ALTER TABLE ONLY public.owner
    ADD CONSTRAINT owner_email_key UNIQUE (email);


--
-- Name: owner owner_pkey; Type: CONSTRAINT; Schema: public; Owner: postgres
--

ALTER TABLE ONLY public.owner
    ADD CONSTRAINT owner_pkey PRIMARY KEY (id);


--
-- Name: owner owner_user_name_key; Type: CONSTRAINT; Schema: public; Owner: postgres
--

ALTER TABLE ONLY public.owner
    ADD CONSTRAINT owner_user_name_key UNIQUE (user_name);


--
-- Name: replies replies_pkey; Type: CONSTRAINT; Schema: public; Owner: postgres
--

ALTER TABLE ONLY public.replies
    ADD CONSTRAINT replies_pkey PRIMARY KEY (id);


--
-- Name: unconfirmed_users unconfirmed_users_email_key; Type: CONSTRAINT; Schema: public; Owner: postgres
--

ALTER TABLE ONLY public.unconfirmed_users
    ADD CONSTRAINT unconfirmed_users_email_key UNIQUE (email);


--
-- Name: unconfirmed_users unconfirmed_users_pkey; Type: CONSTRAINT; Schema: public; Owner: postgres
--

ALTER TABLE ONLY public.unconfirmed_users
    ADD CONSTRAINT unconfirmed_users_pkey PRIMARY KEY (id);


--
-- Name: unconfirmed_users unconfirmed_users_user_name_key; Type: CONSTRAINT; Schema: public; Owner: postgres
--

ALTER TABLE ONLY public.unconfirmed_users
    ADD CONSTRAINT unconfirmed_users_user_name_key UNIQUE (user_name);


--
-- Name: users users_email_key; Type: CONSTRAINT; Schema: public; Owner: postgres
--

ALTER TABLE ONLY public.users
    ADD CONSTRAINT users_email_key UNIQUE (email);


--
-- Name: users_lists users_lists_pkey; Type: CONSTRAINT; Schema: public; Owner: postgres
--

ALTER TABLE ONLY public.users_lists
    ADD CONSTRAINT users_lists_pkey PRIMARY KEY (id);


--
-- Name: users users_pkey; Type: CONSTRAINT; Schema: public; Owner: postgres
--

ALTER TABLE ONLY public.users
    ADD CONSTRAINT users_pkey PRIMARY KEY (id);


--
-- Name: users users_user_name_key; Type: CONSTRAINT; Schema: public; Owner: postgres
--

ALTER TABLE ONLY public.users
    ADD CONSTRAINT users_user_name_key UNIQUE (user_name);


--
-- Name: cards cards_creator_id_fkey; Type: FK CONSTRAINT; Schema: public; Owner: postgres
--

ALTER TABLE ONLY public.cards
    ADD CONSTRAINT cards_creator_id_fkey FOREIGN KEY (creator_id) REFERENCES public.users(id);


--
-- Name: cards cards_list_id_fkey; Type: FK CONSTRAINT; Schema: public; Owner: postgres
--

ALTER TABLE ONLY public.cards
    ADD CONSTRAINT cards_list_id_fkey FOREIGN KEY (list_id) REFERENCES public.lists(id);


--
-- Name: comments comments_card_id_fkey; Type: FK CONSTRAINT; Schema: public; Owner: postgres
--

ALTER TABLE ONLY public.comments
    ADD CONSTRAINT comments_card_id_fkey FOREIGN KEY (card_id) REFERENCES public.cards(id);


--
-- Name: comments comments_creator_id_fkey; Type: FK CONSTRAINT; Schema: public; Owner: postgres
--

ALTER TABLE ONLY public.comments
    ADD CONSTRAINT comments_creator_id_fkey FOREIGN KEY (creator_id) REFERENCES public.users(id);


--
-- Name: replies replies_comment_id_fkey; Type: FK CONSTRAINT; Schema: public; Owner: postgres
--

ALTER TABLE ONLY public.replies
    ADD CONSTRAINT replies_comment_id_fkey FOREIGN KEY (comment_id) REFERENCES public.comments(id);


--
-- Name: replies replies_creator_id_fkey; Type: FK CONSTRAINT; Schema: public; Owner: postgres
--

ALTER TABLE ONLY public.replies
    ADD CONSTRAINT replies_creator_id_fkey FOREIGN KEY (creator_id) REFERENCES public.users(id);


--
-- Name: users_lists users_lists_list_id_fkey; Type: FK CONSTRAINT; Schema: public; Owner: postgres
--

ALTER TABLE ONLY public.users_lists
    ADD CONSTRAINT users_lists_list_id_fkey FOREIGN KEY (list_id) REFERENCES public.lists(id);


--
-- Name: users_lists users_lists_user_id_fkey; Type: FK CONSTRAINT; Schema: public; Owner: postgres
--

ALTER TABLE ONLY public.users_lists
    ADD CONSTRAINT users_lists_user_id_fkey FOREIGN KEY (user_id) REFERENCES public.users(id);


--
-- PostgreSQL database dump complete
--

